Workbook

Sheet Supuestos
A1: 3. Matriz Comparativa de Costos de IA — Supuestos (celdas amarillas editables)
A2: Workflow 7MXK8IqjaeBPQbMK · versionId e7786adb · precios lista OpenAI USD/1M tokens consultados 30/09/2026 — verificar en openai.com/api/pricing
A4: Parámetro | B4: Valor | C4: Justificación
A5: Tokens de entrada por email | B5: 800 | C5: System prompt (~80) + email (~300) + memoria de hasta 10 turnos
A6: Tokens de salida por email | B6: 100 | C6: Respuesta limitada a 250 caracteres (~70 tokens)
A7: Emails por mes (tiempo real) | B7: 3000 | C7: ~100 por día
A8: Registros masivos por mes (batch) | B8: 30000 | C8: Reclasificación histórica mensual
A9: Descuento Batch API | B9: 0.5 | C9: 50% sobre input y output (ventana 24 h)

Sheet Matriz modelos
A1: Modelo | B1: Batch | C1: Input $/1M | D1: Output $/1M | E1: Costo / email | F1: Costo / mes (tiempo real) | G1: Relativo vs mini | H1: Uso recomendado
A2: gpt-4.1-mini (elegido) | B2: No | C2: 0.4 | D2: 1.6 | E2: =(Supuestos!$B$5*C2+Supuestos!$B$6*D2)/1000000 -> 0.00048 | F2: =E2*Supuestos!$B$7 -> 1.44 | G2: =E2/$E$2 -> 1 | H2: Respuestas cortas, clasificación, acuse de recibo
A3: gpt-4.1-mini · Batch API | B3: Sí | C3: =C2*(1-Supuestos!$B$9) -> 0.2 | D3: =D2*(1-Supuestos!$B$9) -> 0.8 | E3: =(Supuestos!$B$5*C3+Supuestos!$B$6*D3)/1000000 -> 0.00024 | F3: =E3*Supuestos!$B$7 -> 0.72 | G3: =E3/$E$2 -> 0.5 | H3: Procesos masivos no urgentes (≤ 24 h)
A4: gpt-4.1 | B4: No | C4: 2 | D4: 8 | E4: =(Supuestos!$B$5*C4+Supuestos!$B$6*D4)/1000000 -> 0.0024 | F4: =E4*Supuestos!$B$7 -> 7.2 | G4: =E4/$E$2 -> 5 | H4: Razonamiento complejo, contratos, reclamos sensibles
A5: gpt-4.1 · Batch API | B5: Sí | C5: =C4*(1-Supuestos!$B$9) -> 1 | D5: =D4*(1-Supuestos!$B$9) -> 4 | E5: =(Supuestos!$B$5*C5+Supuestos!$B$6*D5)/1000000 -> 0.0012 | F5: =E5*Supuestos!$B$7 -> 3.6 | G5: =E5/$E$2 -> 2.5 | H5: Análisis masivo complejo
A6: gpt-4.1-nano | B6: No | C6: 0.1 | D6: 0.4 | E6: =(Supuestos!$B$5*C6+Supuestos!$B$6*D6)/1000000 -> 0.00012 | F6: =E6*Supuestos!$B$7 -> 0.36 | G6: =E6/$E$2 -> 0.25 | H6: Ruteo / etiquetado binario (calidad de redacción menor)

Sheet Ahorro consolidado
A1: Escenario | B1: Tiempo real / mes | C1: Masivo / mes | D1: Total / mes | E1: Total / año | F1: Ahorro vs gpt-4.1
A2: Todo con gpt-4.1 síncrono | B2: ='Matriz modelos'!F4 -> 7.2 | C2: =Supuestos!B8*'Matriz modelos'!E4 -> 72 | D2: =B2+C2 -> 79.2 | E2: =D2*12 -> 950.4 | F2: =1-D2/$D$2 -> 0
A3: gpt-4.1-mini síncrono en todo | B3: ='Matriz modelos'!F2 -> 1.44 | C3: =Supuestos!B8*'Matriz modelos'!E2 -> 14.4 | D3: =B3+C3 -> 15.84 | E3: =D3*12 -> 190.08 | F3: =1-D3/$D$2 -> 0.8
A4: Arquitectura propuesta (mini + Batch) | B4: ='Matriz modelos'!F2 -> 1.44 | C4: =Supuestos!B8*'Matriz modelos'!E3 -> 7.2 | D4: =B4+C4 -> 8.64 | E4: =D4*12 -> 103.68 | F4: =1-D4/$D$2 -> 0.89090909
A6: Nota: OpenRouter cobra los tokens al precio del proveedor más una comisión al comprar créditos; costos de n8n Cloud, Airtable y Google Workspace no incluidos.

Sheet Justificación
A1: 3. Matriz Comparativa de Costos de IA
A2: Workflow: Entrega Final Ecosistema de Automatización IA Autónomo para Negocios v2 (id 7MXK8IqjaeBPQbMK) · Base Airtable appPVM4XKVBRPqG4q · Versión 2 (corregida) · 30/09/2026 · versionId e7786adb Precios de lista OpenAI (USD / 1M tokens) consultados 30/09/2026 en fuentes públicas; verificar en openai.com/api/pricing y openrouter.ai antes de presupuestar.
A3: 3.1 Supuestos de carga
A4: 3.2 Matriz de modelos
A5: 3.3 Por qué GPT-4.1-mini para tareas simples
A6: • Tarea acotada: el agente sólo redacta un acuse de ≤ 250 caracteres; no requiere razonamiento profundo ni herramientas.
A7: • Costo 5x menor que gpt-4.1 con calidad de redacción suficiente en español para mensajes cortos.
A8: • Baja latencia: el flujo es interactivo (el operador espera el email de aprobación).
A9: • Riesgo controlado: toda respuesta pasa por aprobación humana antes de llegar al cliente, lo que compensa cualquier diferencia de calidad frente a un modelo mayor.
A10: • Se descarta nano porque ahorra sólo ~$1/mes y degrada la calidad del texto que ve el cliente.
A11: 3.4 API de Lotes (Batch) para procesos masivos
A12: La Batch API de OpenAI procesa solicitudes de forma asíncrona (ventana de hasta 24 h) con 50% de descuento en input y output. No aplica al flujo en tiempo real (el cliente y el operador esperan), pero sí a procesos masivos:
... A16: Nota: OpenRouter cobra los tokens al precio del proveedor y aplica una comisión al comprar créditos; costos de n8n Cloud, Airtable y Google Workspace no incluidos. Cifras estimativas según los supuestos de 3.1.
